Voltage,Current,Resistance 
0.00196982045,1e-05,196.982045
0.00394089733,2e-05,197.04486649999998
0.00591306425,3.0000000000000004e-05,197.10214166666663
0.00788569,4e-05,197.14225
0.00985611645,5e-05,197.122329
0.0118280485,6e-05,197.13414166666666
0.0137992108,7.000000000000001e-05,197.13158285714283
0.0157715612,8e-05,197.14451499999998
0.0177435001,9e-05,197.1500011111111
0.0197137755,0.0001,197.13775499999997
0.0216846409,0.00011,197.13309909090907
0.0236563006,0.00012,197.1358383333333
0.0256275103,0.00013000000000000002,197.1346946153846
0.0275997285,0.00014000000000000001,197.14091785714282
0.0295713081,0.00015000000000000001,197.14205399999997
0.031541983,0.00016,197.13739375
0.0335139344,0.00017,197.1407905882353
0.0354852044,0.00018,197.1400244444444
0.0374561349,0.00019,197.13755210526315
0.039427426,0.0002,197.13712999999998
0.0413981777,0.00021,197.1341795238095
0.043370428,0.00022,197.1383090909091
0.0453423284,0.00023,197.14055826086957
0.0473130961,0.00024,197.13790041666667
0.0492857307,0.00025,197.1429228
0.0512560811,0.00026000000000000003,197.13877346153845
0.0532276504,0.00027000000000000006,197.13944592592588
0.0552003368,0.0002800000000000001,197.14405999999994
0.057171485,0.0002900000000000001,197.14305172413785
0.0591434017,0.00030000000000000014,197.14467233333323
0.0611140798,0.00031000000000000016,197.1421929032257
0.0630861732,0.0003200000000000002,197.14429124999987
0.0650572688,0.0003300000000000002,197.14323878787866
0.0670305819,0.00034000000000000024,197.1487702941175
0.0690011361,0.00035000000000000027,197.146103142857
0.0709732544,0.0003600000000000003,197.14792888888874
0.0729458065,0.0003700000000000003,197.1508283783782
0.0749156981,0.00038000000000000035,197.14657394736824
0.0768876198,0.00039000000000000037,197.1477430769229
0.0788579959,0.0004000000000000004,197.1449897499998
0.0808298823,0.0004100000000000004,197.1460543902437
0.0828009983,0.00042000000000000045,197.14523404761883
0.0847727971,0.0004300000000000005,197.14603976744166
0.086743475,0.0004400000000000005,197.14426136363613
0.088716867,0.00045000000000000053,197.1485933333331
0.0906877738,0.00046000000000000056,197.14733434782585
0.0926602656,0.0004700000000000006,197.1495012765955
0.0946331353,0.0004800000000000006,197.1523652083331
0.0966053059,0.0004900000000000006,197.15368551020381
0.0985772072,0.0005000000000000007,197.15441439999975
0.100551582,0.0005100000000000007,197.1599647058821
0.102522132,0.0005200000000000007,197.1579461538459
0.104498111,0.0005300000000000007,197.16624716981104
0.106467854,0.0005400000000000008,197.16269259259232
0.108443504,0.0005500000000000008,197.170007272727
0.110413925,0.0005600000000000008,197.16772321428542
0.112386154,0.0005700000000000008,197.1686912280699
0.114359443,0.0005800000000000009,197.17145344827557
0.11633355,0.0005900000000000009,197.17550847457596
0.118306295,0.0006000000000000009,197.17715833333304
0.120276499,0.000610000000000001,197.17458852458984
0.122247383,0.000620000000000001,197.17319838709648
0.124220319,0.000630000000000001,197.1751095238092
0.126194745,0.000640000000000001,197.1792890624997
0.128167627,0.0006500000000000011,197.1809646153843
0.13014465,0.0006600000000000011,197.18886363636332
0.132118337,0.0006700000000000011,197.1915477611937
0.134090805,0.0006800000000000011,197.19236029411732
0.136065932,0.0006900000000000012,197.19700289855038
0.138037435,0.0007000000000000012,197.1963357142854
0.140011465,0.0007100000000000012,197.1992464788729
0.141979512,0.0007200000000000012,197.19376666666633
0.14395411,0.0007300000000000013,197.19741095890376
0.145925822,0.0007400000000000013,197.19705675675644
0.147897618,0.0007500000000000013,197.19682399999965
0.149872478,0.0007600000000000013,197.20062894736807
0.151846678,0.0007700000000000014,197.20347792207758
0.153819509,0.0007800000000000014,197.20449871794835
0.155790489,0.0007900000000000014,197.20315063291105
0.157764769,0.0008000000000000014,197.20596124999963
0.159740365,0.0008100000000000015,197.21032716049345
0.161710336,0.0008200000000000015,197.20772682926795
0.163683447,0.0008300000000000015,197.20897228915626
0.165657612,0.0008400000000000016,197.21144285714252
0.167631205,0.0008500000000000016,197.2131823529408
0.169603584,0.0008600000000000016,197.2134697674415
0.171575526,0.0008700000000000016,197.2132482758617
0.173551019,0.0008800000000000017,197.21706704545417
0.175528209,0.0008900000000000017,197.22270674157264
0.177501907,0.0009000000000000017,197.22434111111073
0.179476806,0.0009100000000000017,197.22725934065895
0.181453534,0.0009200000000000018,197.23210217391266
0.183419931,0.0009300000000000018,197.22573225806414
0.185400345,0.0009400000000000018,197.2344095744677
0.187373051,0.0009500000000000018,197.2347905263154
0.189347081,0.0009600000000000019,197.23654270833296
0.191321487,0.0009700000000000019,197.2386463917522
0.19329392,0.000980000000000002,197.23869387755065
0.195263614,0.000990000000000002,197.23597373737334
0.197241551,0.001000000000000002,197.2415509999996
0.199216538,0.001010000000000002,197.24409702970257
0.201192525,0.001020000000000002,197.2475735294114
0.203162286,0.001030000000000002,197.2449378640773
0.205139631,0.001040000000000002,197.2496451923073
0.207112863,0.001050000000000002,197.25034571428532
0.209089158,0.0010600000000000021,197.25392264150904
0.211059263,0.0010700000000000022,197.251647663551
0.213035225,0.0010800000000000022,197.25483796296257
0.215009893,0.0010900000000000022,197.25678256880695
0.216984301,0.0011000000000000022,197.25845545454504
0.218955624,0.0011100000000000023,197.25731891891851
0.220930237,0.0011200000000000023,197.25914017857102
0.222904927,0.0011300000000000023,197.26099734513235
0.224881612,0.0011400000000000023,197.26457192982417
0.226858109,0.0011500000000000024,197.26792086956482
0.228833705,0.0011600000000000024,197.27043534482718
0.23080551,0.0011700000000000024,197.26966666666624
0.232771838,0.0011800000000000024,197.26426949152503
0.234745489,0.0011900000000000025,197.2651168067223
0.236721888,0.0012000000000000025,197.2682399999996
0.238683076,0.0012100000000000025,197.25874049586736
0.240645768,0.0012200000000000025,197.2506295081963
0.242616996,0.0012300000000000026,197.24959024390202
0.244590597,0.0012400000000000026,197.25048145161247
0.246570501,0.0012500000000000026,197.2564007999996
0.248548494,0.0012600000000000027,197.2607095238091
0.250521381,0.0012700000000000027,197.26092992125942
0.252500966,0.0012800000000000027,197.26637968749958
0.254474802,0.0012900000000000027,197.2672883720926
0.256448391,0.0013000000000000028,197.26799307692266
0.258425183,0.0013100000000000028,197.27113206106827
0.26040235,0.0013200000000000028,197.27450757575716
0.262381948,0.0013300000000000028,197.2796601503755
0.264355556,0.0013400000000000029,197.28026567164136
0.266336434,0.0013500000000000029,197.286247407407
0.268312942,0.001360000000000003,197.28892794117604
0.270293905,0.001370000000000003,197.2948211678828
0.272270002,0.001380000000000003,197.29710289855032
0.274243233,0.001390000000000003,197.2972899280571
0.276220901,0.001400000000000003,197.30064357142817
0.278197057,0.001410000000000003,197.30287730496414
0.28017165,0.001420000000000003,197.303978873239
0.282146616,0.001430000000000003,197.30532587412546
0.284125938,0.0014400000000000031,197.30967916666626
0.286103572,0.0014500000000000032,197.3128082758616
0.288080371,0.0014600000000000032,197.3153226027393
0.29005507,0.0014700000000000032,197.31637414965945
0.292032843,0.0014800000000000032,197.31948851351308
0.294006812,0.0014900000000000033,197.32000805369086
0.295988332,0.0015000000000000033,197.32555466666625
0.29796761,0.0015100000000000033,197.32954304635717
0.299945813,0.0015200000000000033,197.3327717105259
0.301927942,0.0015300000000000034,197.33852418300611
0.303910146,0.0015400000000000034,197.34425064935022
0.305885316,0.0015500000000000034,197.3453651612899
0.30786154,0.0015600000000000034,197.34714102564058
0.309841173,0.0015700000000000035,197.35106560509513
0.311822817,0.0015800000000000035,197.3562132911388
0.313797219,0.0015900000000000035,197.35674150943353
0.315774904,0.0016000000000000035,197.35931499999958
0.317747402,0.0016100000000000036,197.35863478260828
0.319720764,0.0016200000000000036,197.35849629629584
0.321702746,0.0016300000000000036,197.3636478527603
0.323677523,0.0016400000000000037,197.3643432926825
0.325658722,0.0016500000000000037,197.368922424242
0.327640185,0.0016600000000000037,197.37360542168628
0.329620222,0.0016700000000000037,197.37737844311334
0.331606317,0.0016800000000000038,197.38471249999955
0.333581185,0.0016900000000000038,197.3853165680469
0.335563634,0.0017000000000000038,197.39037294117603
0.337546962,0.0017100000000000038,197.39588421052588
0.339531816,0.0017200000000000039,197.4022186046507
0.341505955,0.0017300000000000039,197.4022861271672
0.343498864,0.001740000000000004,197.41314022988462
0.345485264,0.001750000000000004,197.42015085714243
0.347469875,0.001760000000000004,197.42606534090865
0.349452097,0.001770000000000004,197.43056327683573
0.351430251,0.001780000000000004,197.43272528089844
0.353405449,0.001790000000000004,197.43321173184313
0.355391018,0.001800000000000004,197.439454444444
0.357365517,0.001810000000000004,197.4395121546957
0.359354535,0.0018200000000000041,197.44754670329624
0.361331241,0.0018300000000000041,197.44876557377006
0.363319883,0.0018400000000000042,197.45645815217347
0.365297966,0.0018500000000000042,197.45835999999954
0.367286201,0.0018600000000000042,197.46569946236514
0.369266273,0.0018700000000000043,197.4685951871653
0.371250052,0.0018800000000000043,197.47343191489315
0.373241375,0.0018900000000000043,197.48220899470854
0.375218287,0.0019000000000000043,197.48330894736796
0.37720578,0.0019100000000000044,197.4899371727744
0.379169249,0.0019200000000000044,197.4839838541662
0.381154259,0.0019300000000000044,197.4892533678752
0.38313966,0.0019400000000000044,197.49467010309232
0.385119174,0.0019500000000000045,197.49701230769185
0.387113828,0.0019600000000000043,197.50705510204037
0.389102351,0.0019700000000000043,197.51388375634474
0.391076981,0.0019800000000000043,197.51362676767633
0.393058047,0.0019900000000000044,197.5166065326629
0.39503235,0.0020000000000000044,197.51617499999955
0.397027565,0.0020100000000000044,197.52615174129312
0.398998193,0.0020200000000000044,197.52385792079164
0.400981285,0.0020300000000000045,197.5277266009848
0.402964317,0.0020400000000000045,197.53152794117605
0.404939808,0.0020500000000000045,197.53161365853614
0.406928146,0.0020600000000000045,197.53793495145587
0.408921012,0.0020700000000000046,197.5463826086952
0.410919702,0.0020800000000000046,197.5575490384611
0.412905134,0.0020900000000000046,197.5622650717699
0.414902487,0.0021000000000000046,197.57261285714242
0.416881309,0.0021100000000000047,197.57408009478627
0.41886112,0.0021200000000000047,197.57599999999954
0.42086324,0.0021300000000000047,197.58837558685403
0.422875215,0.0021400000000000047,197.60524065420518
0.42483559,0.0021500000000000048,197.59794883720886
0.426812625,0.002160000000000005,197.59843749999956
0.428800092,0.002170000000000005,197.60372903225763
0.430750031,0.002180000000000005,197.5917573394491
0.432706748,0.002190000000000005,197.58298995433745
0.434684401,0.002200000000000005,197.5838186363632
0.436680993,0.002210000000000005,197.593209502262
0.438659107,0.002220000000000005,197.5941923423419
0.440647656,0.002230000000000005,197.59984573990988
0.442630568,0.002240000000000005,197.6029321428567
0.444631604,0.002250000000000005,197.6140462222218
0.44651881,0.002260000000000005,197.57469469026503
0.448500775,0.002270000000000005,197.5774339207044
0.450459912,0.002280000000000005,197.57013684210483
0.452405305,0.002290000000000005,197.55690174672444
0.454339397,0.002300000000000005,197.53886826086912
0.456329052,0.002310000000000005,197.54504415584373
0.458316334,0.0023200000000000052,197.55014396551678
0.460304618,0.0023300000000000052,197.555630042918
0.462179854,0.0023400000000000053,197.51275811965766
0.46408773,0.0023500000000000053,197.48414042553145
0.466077852,0.0023600000000000053,197.49061525423684
0.467968408,0.0023700000000000053,197.4550244725734
0.469927658,0.0023800000000000054,197.4485957983189
0.471880753,0.0023900000000000054,197.4396456066941
0.473803519,0.0024000000000000054,197.41813291666622
0.475733593,0.0024100000000000055,197.3998311203315
0.477701873,0.0024200000000000055,197.39746818181774
0.47968778,0.0024300000000000055,197.4023786008226
0.48163447,0.0024400000000000055,197.39117622950775
0.483621135,0.0024500000000000056,197.3963816326526
0.485523194,0.0024600000000000056,197.36715203251987
0.487484388,0.0024700000000000056,197.36210040485784
0.489413792,0.0024800000000000056,197.3442709677415
0.491397418,0.0024900000000000057,197.34836064256982
0.493365698,0.0025000000000000057,197.34627919999957
0.495305236,0.0025100000000000057,197.3327633466131
0.497155697,0.0025200000000000057,197.2840067460313
0.499136345,0.0025300000000000058,197.28709288537505
0.501087786,0.002540000000000006,197.27865590551139
0.503041183,0.002550000000000006,197.27105215686228
0.505019794,0.002560000000000006,197.27335703124953
0.506990079,0.002570000000000006,197.2724042801552
0.508992625,0.002580000000000006,197.2839631782941
0.510999907,0.002590000000000006,197.29726138996094
0.512962184,0.002600000000000006,197.29314769230726
0.514881857,0.002610000000000006,197.2727421455934
0.516855865,0.002620000000000006,197.2732309160301
0.518840841,0.002630000000000006,197.27788631178663
0.520785179,0.002640000000000006,197.2671132575753
0.52275512,0.002650000000000006,197.26608301886748
0.524695465,0.002660000000000006,197.25393421052584
0.526664369,0.002670000000000006,197.2525726591756
0.528631412,0.002680000000000006,197.25052686567116
0.530547597,0.002690000000000006,197.22958996282483
0.532508833,0.002700000000000006,197.22549370370322
0.534476594,0.0027100000000000062,197.2238354243538
0.536465867,0.0027200000000000063,197.23009816176423
0.538442665,0.0027300000000000063,197.231745421245
0.540427135,0.0027400000000000063,197.23618065693384
0.542414208,0.0027500000000000063,197.24153018181772
0.544361817,0.0027600000000000064,197.2325423913039
0.546347145,0.0027700000000000064,197.23723646209342
0.548327845,0.0027800000000000064,197.24023201438803
0.550315796,0.0027900000000000065,197.2458050179207
0.552307777,0.0028000000000000065,197.25277749999955
0.554307126,0.0028100000000000065,197.26232241992835
0.556266975,0.0028200000000000065,197.25779255319102
0.558219841,0.0028300000000000066,197.2508272084801
0.560184336,0.0028400000000000066,197.24800563380234
0.562158465,0.0028500000000000066,197.24858421052585
0.564148929,0.0028600000000000066,197.25487027971982
0.566131142,0.0028700000000000067,197.25823763066157
0.568117033,0.0028800000000000067,197.26285868055513
0.570106338,0.0028900000000000067,197.26862906574348
0.572104288,0.0029000000000000067,197.27734068965472
0.574084575,0.0029100000000000068,197.27992268041191
0.576096537,0.002920000000000007,197.29333458904063
0.57806134,0.002930000000000007,197.290559726962
0.580030476,0.002940000000000007,197.28927755101995
0.582000138,0.002950000000000007,197.28818237288087
0.583992166,0.002960000000000007,197.29465067567523
0.585979528,0.002970000000000007,197.29950437710391
0.587934013,0.002980000000000007,197.2932929530197
0.589937812,0.002990000000000007,197.30361605351123
0.591905096,0.003000000000000007,197.3016986666662
0.593917946,0.003010000000000007,197.31493222591317
0.595906754,0.003020000000000007,197.3201172185426
0.597900248,0.003030000000000007,197.32681452145167
0.59992892,0.003040000000000007,197.34503947368376
0.601931292,0.003050000000000007,197.35452196721263
0.603888574,0.003060000000000007,197.349207189542
0.605883082,0.003070000000000007,197.35605276872917
0.60785687,0.003080000000000007,197.35612662337616
0.609819569,0.0030900000000000072,197.35261132686037
0.611810255,0.0031000000000000073,197.35814677419307
0.613819151,0.0031100000000000073,197.36950192925997
0.615829976,0.0031200000000000073,197.3814025641021
0.617860807,0.0031300000000000073,197.39961884983978
0.619813747,0.0031400000000000074,197.3929130573244
0.621738473,0.0031500000000000074,197.37729301587254
0.623749606,0.0031600000000000074,197.38911582278433
0.62574305,0.0031700000000000074,197.39528391167144
0.62772222,0.0031800000000000075,197.3969245283014
0.629716115,0.0031900000000000075,197.40317084639452
0.631688233,0.0032000000000000075,197.40257281249953
0.633678308,0.0032100000000000076,197.40757258566933
0.635666702,0.0032200000000000076,197.4120192546579
0.637660233,0.0032300000000000076,197.41802879256917
0.639670465,0.0032400000000000076,197.42915586419707
0.641656981,0.0032500000000000077,197.43291723076877
0.643665274,0.0032600000000000077,197.44333558282162
0.645667112,0.0032700000000000077,197.45171620795062
0.647704505,0.0032800000000000077,197.47088567073123
0.649694558,0.0032900000000000078,197.47554954407246
0.651656373,0.003300000000000008,197.47162818181772
0.653641811,0.003310000000000008,197.47486737160074
0.655645127,0.003320000000000008,197.48347198795133
0.657668676,0.003330000000000008,197.49810090090043
0.65968132,0.003340000000000008,197.50937724550852
0.66166006,0.003350000000000008,197.51046567164133
0.663693147,0.003360000000000008,197.52772232142812
0.665713158,0.003370000000000008,197.54099643916865
0.667684343,0.003380000000000008,197.53974644970367
0.669702175,0.003390000000000008,197.55226401179894
0.671678305,0.003400000000000008,197.55244264705837
0.67369111,0.003410000000000008,197.56337536656847
0.675712533,0.003420000000000008,197.57676403508725
0.677704908,0.003430000000000008,197.58160583090333
0.679732692,0.003440000000000008,197.5967127906972
0.681736335,0.003450000000000008,197.6047347826082
0.683739783,0.003460000000000008,197.6126540462423
0.685715245,0.0034700000000000082,197.6124625360226
0.687732657,0.0034800000000000083,197.62432672413746
0.689723042,0.0034900000000000083,197.62837879656115
0.691701864,0.0035000000000000083,197.62910399999953
0.693726034,0.0035100000000000083,197.64274472934426
0.695748017,0.0035200000000000084,197.6556866477268
0.697755432,0.0035300000000000084,197.66442832861142
0.699772909,0.0035400000000000084,197.67596299434982
0.701745512,0.0035500000000000084,197.6747921126756
0.703746289,0.0035600000000000085,197.68154185393212
0.705759772,0.0035700000000000085,197.69181288515358
0.707756072,0.0035800000000000085,197.69722681564198
0.709755664,0.0035900000000000085,197.7035275766012
0.711734018,0.0036000000000000086,197.70389388888842
0.713761449,0.0036100000000000086,197.7178529085868
0.71578858,0.0036200000000000086,197.7316519337012
0.717810395,0.0036300000000000087,197.7439104683191
0.719802064,0.0036400000000000087,197.74781978021932
0.721790514,0.0036500000000000087,197.7508257534242
0.723786592,0.0036600000000000087,197.75589945355142
0.725773734,0.0036700000000000088,197.75851062670253
0.727760569,0.003680000000000009,197.76102418478212
0.729788613,0.003690000000000009,197.77469186991823
0.731755107,0.003700000000000009,197.77165054054007
0.733736312,0.003710000000000009,197.77259083557905
0.73573514,0.003720000000000009,197.77826344085972
0.737735961,0.003730000000000009,197.78443994638025
0.739753624,0.003740000000000009,197.79508663101558
0.741766643,0.003750000000000009,197.80443813333284
0.743783478,0.003760000000000009,197.81475478723357
0.745772652,0.003770000000000009,197.81767957559634
0.747773175,0.003780000000000009,197.8235912698408
0.749766802,0.003790000000000009,197.8276522427436
0.751787132,0.003800000000000009,197.83871894736797
0.753797646,0.003810000000000009,197.84715118110188
0.755845159,0.003820000000000009,197.86522486910948
0.757853245,0.003830000000000009,197.87290992167053
0.759877403,0.003840000000000009,197.88474036458285
0.76188504,0.0038500000000000092,197.8922181818177
0.763878661,0.0038600000000000093,197.89602616580262
0.765862203,0.0038700000000000093,197.8972100775189
0.767853649,0.0038800000000000093,197.90042499999953
0.76985238,0.0038900000000000093,197.9054961439584
0.771862644,0.0039000000000000094,197.91349846153798
0.773847157,0.003910000000000009,197.914873913043
0.775816321,0.0039200000000000085,197.91232678571384
0.77784288,0.003930000000000008,197.92439694656449
0.779855036,0.003940000000000008,197.93275025380672
0.781831835,0.003950000000000007,197.9321101265819
0.783767381,0.003960000000000007,197.92105580808047
0.785664558,0.0039700000000000065,197.90039244332462
0.78766523,0.003980000000000006,197.9058366834168
0.789620021,0.003990000000000006,197.89975463659118
0.791613988,0.004000000000000005,197.90349699999976
0.793612868,0.004010000000000005,197.90844588528654
0.795612944,0.0040200000000000045,197.91366766169133
0.797644125,0.004030000000000004,197.92658188585588
0.799709873,0.004040000000000004,197.94798836633643
0.801711242,0.004050000000000003,197.9533930864196
0.803680495,0.004060000000000003,197.95086083743828
0.805703562,0.0040700000000000024,197.96156314496304
0.807701475,0.004080000000000002,197.96604779411754
0.809716828,0.004090000000000002,197.97477457212707
0.811690776,0.004100000000000001,197.97335999999993
0.813670286,0.004110000000000001,197.97330559610702
0.815685574,0.00412,197.98193543689317
0.817715169,0.00413,197.9939876513317
0.819699465,0.00414,197.9950398550725
0.821694093,0.004149999999999999,197.99857662650606
0.823725827,0.004159999999999999,198.01101610576927
0.825729728,0.004169999999999998,198.01672134292573
0.827632364,0.004179999999999998,197.99817320574172
0.829647018,0.0041899999999999975,198.00644821002396
0.831614997,0.004199999999999997,198.00357071428584
0.833647017,0.004209999999999997,198.01591852731607
0.835625858,0.004219999999999996,198.0156061611376
0.837634689,0.004229999999999996,198.02238510638318
0.839617556,0.0042399999999999955,198.02300849056624
0.841635996,0.004249999999999995,198.03199905882377
0.843614448,0.004259999999999995,198.0315605633805
0.845655315,0.004269999999999994,198.04574121779888
0.847647983,0.004279999999999994,198.04859415887879
0.849647678,0.0042899999999999935,198.0530717948721
0.851653762,0.004299999999999993,198.05901441860496
0.85363768,0.004309999999999993,198.05978654292377
0.855679084,0.004319999999999992,198.0738620370374
0.857693454,0.004329999999999992,198.08162909930752
0.859705766,0.0043399999999999914,198.08888617511562
0.861723133,0.004349999999999991,198.0972719540234
0.863688253,0.004359999999999991,198.09363600917473
0.865726988,0.00436999999999999,198.10686224256338
0.867734563,0.00437999999999999,198.1129139269411
0.869720102,0.004389999999999989,198.11391845102554
0.871738655,0.004399999999999989,198.1224215909096
0.873734283,0.004409999999999989,198.12568775510255
0.875761552,0.004419999999999988,198.1360977375571
0.877734575,0.004429999999999988,198.1342155756213
0.87975459,0.004439999999999987,198.14292567567625
0.881750359,0.004449999999999987,198.14614808988821
0.883788429,0.0044599999999999865,198.15884058296024
0.885780525,0.004469999999999986,198.16119127516842
0.887813605,0.004479999999999986,198.17267968750062
0.889824246,0.004489999999999985,198.17911937639263
0.891879907,0.004499999999999985,198.19553488888954
0.893877562,0.0045099999999999845,198.19901596452397
0.895891355,0.004519999999999984,198.20605199115113
0.897935109,0.004529999999999984,198.21967086092786
0.899946012,0.004539999999999983,198.22599383259984
0.902034392,0.004549999999999983,198.24931692307769
0.904075268,0.0045599999999999825,198.26212017543938
0.906094426,0.004569999999999982,198.27011509846906
0.908114807,0.004579999999999982,198.27834213973878
0.910165894,0.004589999999999981,198.29322309368274
0.912198454,0.004599999999999981,198.30401173913125
0.914192914,0.00460999999999998,198.30648893709412
0.916226619,0.00461999999999998,198.31745000000086
0.918249741,0.00462999999999998,198.3260779697633
0.920289934,0.004639999999999979,198.3383478448285
0.922331921,0.004649999999999979,198.3509507526891
0.92435715,0.004659999999999978,198.3599034334773
0.926397824,0.004669999999999978,198.37212505353412
0.928447833,0.004679999999999978,198.38628910256506
0.930475625,0.004689999999999977,198.3956556503208
0.93248763,0.004699999999999977,198.4016234042563
0.934503024,0.004709999999999976,198.40828535031946
0.936513759,0.004719999999999976,198.41393199152643
0.938569534,0.0047299999999999755,198.42907695560356
0.940584272,0.004739999999999975,198.43550042194198
0.942640105,0.004749999999999975,198.45054842105367
0.944689132,0.004759999999999974,198.46410336134562
0.946748565,0.004769999999999974,198.47978301886903
0.948799705,0.0047799999999999735,198.49366213389231
0.950855293,0.004789999999999973,198.50841189979235
0.952944133,0.004799999999999973,198.53002770833447
0.955012622,0.004809999999999972,198.54732266112381
0.957055067,0.004819999999999972,198.5591425311215
0.959098797,0.0048299999999999715,198.57117950310678
0.961164151,0.004839999999999971,198.5876345041334
0.963223393,0.004849999999999971,198.60276144330018
0.965304022,0.00485999999999997,198.6222267489724
0.967340225,0.00486999999999997,198.6324897330608
0.969384267,0.004879999999999969,198.64431700819796
0.971427267,0.004889999999999969,198.65588282208716
0.973509669,0.004899999999999969,198.6754426530625
0.975587357,0.004909999999999968,198.69396272912553
0.977634766,0.004919999999999968,198.70625325203383
0.979660168,0.004929999999999967,198.7140300202853
0.981730533,0.004939999999999967,198.7308771255074
0.983768126,0.004949999999999967,198.7410355555569
0.985782614,0.004959999999999966,198.74649475806586
0.98784121,0.004969999999999966,198.76080684104764
0.98989967,0.004979999999999965,198.77503413654756
0.99198655,0.004989999999999965,198.79489979960059
0.994087397,0.0049999999999999645,198.81747940000142
0.996159859,0.005009999999999964,198.8343031936142
0.998196113,0.005019999999999964,198.84384721115683
1.00027985,0.005029999999999963,198.86279324055812
1.00243946,0.005039999999999963,198.8967182539697
1.00451313,0.0050499999999999625,198.9134910891104
1.00657412,0.005059999999999962,198.92769169960624
1.00862827,0.005069999999999962,198.94048717948868
1.01068364,0.005079999999999961,198.95347244094643
1.01272248,0.005089999999999961,198.96315913556145
1.0147766,0.0050999999999999605,198.97580392157016
1.01686042,0.00510999999999996,198.9942113502951
1.01894573,0.00511999999999996,199.01283789062657
1.02101103,0.005129999999999959,199.02749122807174
1.02308535,0.005139999999999959,199.04384241245293
1.02515921,0.005149999999999958,199.06004077670065
1.02721784,0.005159999999999958,199.07322480620317
1.02925148,0.005169999999999958,199.08152417795137
1.0313664,0.005179999999999957,199.10548262548429
1.03345065,0.005189999999999957,199.12343930636004
1.03552749,0.005199999999999956,199.13990192307858
1.03761868,0.005209999999999956,199.1590556621898
1.03970018,0.005219999999999956,199.1762796934883
1.04175919,0.005229999999999955,199.18913766730574
1.04382467,0.005239999999999955,199.20318129771164
1.045905,0.005249999999999954,199.22000000000176
1.04796093,0.005259999999999954,199.23211596958348
1.05002037,0.0052699999999999535,199.2448519924116
1.0520796,0.005279999999999953,199.25750000000176
1.05416006,0.005289999999999953,199.27411342155187
1.05621433,0.005299999999999952,199.28572264151123
1.05830966,0.005309999999999952,199.30502071563268
1.06043516,0.0053199999999999515,199.3299172932349
1.06249118,0.005329999999999951,199.34168480300372
1.06460918,0.005339999999999951,199.36501498127524
1.06672182,0.00534999999999995,199.3872560747682
1.06877553,0.00535999999999995,199.39841977612124
1.07084644,0.0053699999999999495,199.41274487895905
1.0730044,0.005379999999999949,199.44319702602422
1.07510254,0.005389999999999949,199.46243784786833
1.0772278,0.005399999999999948,199.48662962963152
1.07902885,0.005409999999999948,199.45080406654537
1.08107982,0.005419999999999947,199.46122140221595
1.08313655,0.005429999999999947,199.47266114180675
1.08517602,0.005439999999999947,199.48088602941374
1.08726404,0.005449999999999946,199.49798899082765
1.08933288,0.005459999999999946,199.51151648351845
1.09144606,0.005469999999999945,199.53310054844806
1.09355376,0.005479999999999945,199.55360583941808
1.09558284,0.005489999999999945,199.55971584699657
1.09766383,0.005499999999999944,199.57524181818383
1.09992477,0.005509999999999944,199.62337023593673
1.10199094,0.005519999999999943,199.63603985507453
1.10408256,0.005529999999999943,199.65326582278686
1.10615807,0.0055399999999999425,199.6675216606519
1.10828387,0.005549999999999942,199.69078738738946
1.1103339,0.005559999999999942,199.70034172662082
1.1124056,0.005569999999999941,199.71375224416727
1.11449235,0.005579999999999941,199.72981182795908
1.11657801,0.0055899999999999405,199.74561896243503
1.11868273,0.00559999999999994,199.76477321428786
1.12076989,0.00560999999999994,199.78072905526062
1.12289725,0.005619999999999939,199.8037811387922
1.12489965,0.005629999999999939,199.8045559502686
1.12701135,0.0056399999999999385,199.8247074468107
1.12910964,0.005649999999999938,199.84241415929424
1.13122428,0.005659999999999938,199.86294699646865
1.13330144,0.005669999999999937,199.87679717813273
1.13544287,0.005679999999999937,199.9019137323966
1.13755529,0.005689999999999936,199.92184358523951
1.13967127,0.005699999999999936,199.9423280701777
1.14175703,0.005709999999999936,199.95744833625443
1.14391042,0.005719999999999935,199.98433916084144
1.14607351,0.005729999999999935,200.01282897033386
1.14816175,0.005739999999999934,200.028179442511
1.15028277,0.005749999999999934,200.04917739130664
1.15240547,0.005759999999999934,200.07039409722452
1.1545272,0.005769999999999933,200.0913691507822
1.15663574,0.005779999999999933,200.1099896193795
1.15870859,0.005789999999999932,200.12238169257574
1.16077722,0.005799999999999932,200.1340034482782
1.16291882,0.0058099999999999315,200.1581445783156
1.16501437,0.005819999999999931,200.17429037800923
1.16715298,0.005829999999999931,200.19776672384458
1.16927561,0.00583999999999993,200.2184263698654
1.17142008,0.00584999999999993,200.24274871795114
1.17355046,0.0058599999999999295,200.26458361774985
1.17563014,0.005869999999999929,200.27770698467023
1.17771821,0.005879999999999929,200.29221258503645
1.17988925,0.005889999999999928,200.32075551782927
1.18202702,0.005899999999999928,200.34356271186687
1.18419763,0.0059099999999999275,200.37184940778585
1.18634658,0.005919999999999927,200.3963817567592
1.18853133,0.005929999999999927,200.4268684654325
1.1906141,0.005939999999999926,200.44008417508664
1.1927263,0.005949999999999926,200.45820168067476
1.19484635,0.005959999999999925,200.4775755033582
1.19696317,0.005969999999999925,200.49634338358712
1.19910277,0.005979999999999925,200.5188578595343
1.20121398,0.005989999999999924,200.53655759599584
1.2033203,0.005999999999999924,200.55338333333586
1.20542324,0.006009999999999923,200.5695906821989
1.20761965,0.006019999999999923,200.60127076412218
1.20980145,0.006029999999999923,200.63042288557472
1.21195638,0.006039999999999922,200.6550298013271
1.21408293,0.006049999999999922,200.6748644628125
1.21625279,0.006059999999999921,200.7017805280554
1.21842408,0.006069999999999921,200.72884349258908
1.22059208,0.0060799999999999205,200.75527631579212
1.22279481,0.00608999999999992,200.7873251231553
1.22491908,0.00609999999999992,200.8064065573797
1.22705872,0.006109999999999919,200.82794108019905
1.22922153,0.006119999999999919,200.85319117647325
1.23131755,0.0061299999999999185,200.86746329527185
1.23347946,0.006139999999999918,200.89242019544244
1.23561641,0.006149999999999918,200.91323739837668
1.23776805,0.006159999999999917,200.93637175324943
1.23992651,0.006169999999999917,200.96053646677743
1.2420965,0.0061799999999999165,200.98648867314188
1.24420379,0.006189999999999916,201.00222778675555
1.2463827,0.006199999999999916,201.02946774193822
1.24857888,0.006209999999999915,201.0594009661863
1.25074503,0.006219999999999915,201.08440996784842
1.25293137,0.006229999999999914,201.11257945425638
1.25511335,0.006239999999999914,201.1399599359002
1.25725484,0.006249999999999914,201.1607744000028
1.25947821,0.006259999999999913,201.19460223642452
1.26169096,0.006269999999999913,201.2266283891575
1.26385347,0.006279999999999912,201.2505525477735
1.26600755,0.006289999999999912,201.27306041335737
1.26815948,0.006299999999999912,201.29515555555838
1.27032156,0.006309999999999911,201.31878922345766
1.27247125,0.006319999999999911,201.34038765823067
1.27462597,0.00632999999999991,201.36271248025562
1.27678251,0.00633999999999991,201.38525394322053
1.27895155,0.0063499999999999095,201.40969291338868
1.28111852,0.006359999999999909,201.4337295597513
1.28337205,0.006369999999999909,201.47127943485376
1.28555676,0.006379999999999908,201.49792476489318
1.28772104,0.006389999999999908,201.5212895148699
1.28985178,0.0063999999999999075,201.53934062500292
1.29208595,0.006409999999999907,201.57347113884848
1.29425964,0.006419999999999907,201.59807476635805
1.29646778,0.006429999999999906,201.62795956454414
1.29869439,0.006439999999999906,201.66061956522034
1.30086672,0.0064499999999999055,201.68476279070063
1.30299914,0.006459999999999905,201.70265325077696
1.30515137,0.006469999999999905,201.7235502318422
1.30735977,0.006479999999999904,201.7530509259289
1.30958385,0.006489999999999904,201.78487673343906
1.31175007,0.006499999999999903,201.80770307692606
1.31398047,0.006509999999999903,201.84031797235323
1.31621988,0.006519999999999903,201.87421472392938
1.318473,0.006529999999999902,201.9101071975528
1.32067626,0.006539999999999902,201.9382660550489
1.32284625,0.006549999999999901,201.96125954198777
1.32499602,0.006559999999999901,201.98110060975912
1.32723935,0.006569999999999901,202.01512176560428
1.32940529,0.0065799999999999,202.0372781155046
1.33167136,0.0065899999999999,202.07456145675573
1.33396312,0.006599999999999899,202.11562424242732
1.33617468,0.006609999999999899,202.14442965204546
1.33834491,0.0066199999999998985,202.16690483383996
1.34060714,0.006629999999999898,202.20318853695633
1.3428198,0.006639999999999898,202.23189759036455
1.34502598,0.006649999999999897,202.25954586466477
1.34729511,0.006659999999999897,202.29656306306617
1.34952654,0.0066699999999998965,202.32781709145743
1.35182287,0.006679999999999896,202.36869311377558
1.35399323,0.006689999999999896,202.39061733931555
1.35611587,0.006699999999999895,202.40535373134645
1.3583378,0.006709999999999895,202.43484351714176
1.36049194,0.0067199999999998945,202.45415773809842
1.36270868,0.006729999999999894,202.48271619613988
1.36493535,0.006739999999999894,202.512663204751
1.36714558,0.006749999999999893,202.54008592592913
1.36951081,0.006759999999999893,202.59035650887895
1.37169399,0.006769999999999892,202.61358788774325
1.37387592,0.006779999999999892,202.63656637168464
1.37607996,0.006789999999999892,202.66273343152017
1.37833536,0.006799999999999891,202.69637647059147
1.38062456,0.006809999999999891,202.73488399412955
1.38287295,0.00681999999999989,202.7672947214109
1.38510019,0.00682999999999989,202.79651390922726
1.38742572,0.00683999999999989,202.84001754386293
1.38959881,0.006849999999999889,202.86114014598868
1.39188581,0.006859999999999889,202.89880612245227
1.39419242,0.006869999999999888,202.93921688501058
1.39642099,0.006879999999999888,202.96816715116609
1.3986888,0.0068899999999998875,203.00272859216585
1.40096798,0.006899999999999887,203.03883768116273
1.4031837,0.006909999999999887,203.06565846599466
1.40545195,0.006919999999999886,203.0999927745698
1.40772304,0.006929999999999886,203.13463780664117
1.41001596,0.0069399999999998855,203.17232853026272
1.41219362,0.006949999999999885,203.1933266187084
1.41453381,0.006959999999999885,203.23761637931372
1.41681613,0.006969999999999884,203.27347632711957
1.41909018,0.006979999999999884,203.3080487106051
1.42144099,0.0069899999999998835,203.3535035765413
1.42374047,0.006999999999999883,203.3914957142891
1.42597844,0.007009999999999883,203.4206048502174
1.42828597,0.007019999999999882,203.45953988604327
1.43058241,0.007029999999999882,203.49678662873742
1.43295713,0.007039999999999881,203.5450468750034
1.43519496,0.007049999999999881,203.5737531914928
1.43744265,0.007059999999999881,203.60377478753884
1.43982879,0.00706999999999988,203.65329420085212
1.44226976,0.00707999999999988,203.71041807909953
1.44450425,0.007089999999999879,203.73825811001757
1.44688486,0.007099999999999879,203.78660000000346
1.44932787,0.007109999999999879,203.84358227848452
1.45165269,0.007119999999999878,203.88380477528437
1.45399469,0.007129999999999878,203.9263239831732
1.4562091,0.007139999999999877,203.95085434174018
1.45843623,0.007149999999999877,203.9770951048986
1.46074782,0.0071599999999998765,204.01505865922138
1.46326834,0.007169999999999876,204.0820557880091
1.46560277,0.007179999999999876,204.1229484679701
1.46788277,0.007189999999999875,204.15615716272953
1.47019024,0.007199999999999875,204.19308888889245
1.47244879,0.0072099999999998745,204.22313314840855
1.47481133,0.007219999999999874,204.26749722992048
1.47701662,0.007229999999999874,204.28998893499664
1.47927441,0.007239999999999873,204.31966988950632
1.48152962,0.007249999999999873,204.34891310345188
1.48404669,0.0072599999999998725,204.41414462810278
1.48639865,0.007269999999999872,204.4564855570875
1.48875341,0.007279999999999872,204.49909478022337
1.49094148,0.007289999999999871,204.51872153635478
1.49325104,0.007299999999999871,204.554936986305
1.49551834,0.00730999999999987,204.5852722298258
1.49792039,0.00731999999999987,204.63393306011292
1.50020706,0.00732999999999987,204.6667203274252
1.5025957,0.007339999999999869,204.71331062670666
1.5049194,0.007349999999999869,204.75093877551384
1.50736863,0.007359999999999868,204.80552038043845
1.50975938,0.007369999999999868,204.85201899593312
1.51228964,0.007379999999999868,204.9172953929576
1.51478452,0.007389999999999867,204.97760757781154
1.51725754,0.007399999999999867,205.03480270270637
1.51960885,0.007409999999999866,205.07541835357995
1.52184476,0.007419999999999866,205.1003719676587
1.52423364,0.0074299999999998655,205.14584656797143
1.52657144,0.007439999999999865,205.18433333333704
1.528856,0.007449999999999865,205.21557046980237
1.53128417,0.007459999999999864,205.26597453083482
1.53370031,0.007469999999999864,205.31463319946826
1.53607121,0.0074799999999998635,205.3571136363674
1.53846244,0.007489999999999863,205.40219492657252
1.54080759,0.007499999999999863,205.44101200000375
1.54347913,0.007509999999999862,205.52318641811294
1.54577845,0.007519999999999862,205.5556449468123
1.54813159,0.0075299999999998615,205.59516467463857
1.55072856,0.007539999999999861,205.66691777188709
1.55298758,0.007549999999999861,205.6937192053018
1.55540379,0.00755999999999986,205.74124206349586
1.55769144,0.00756999999999986,205.77165653897342
1.55997899,0.007579999999999859,205.8019775725632
1.56221948,0.007589999999999859,205.8260184453266
1.5645551,0.007599999999999859,205.86251315789858
1.56698488,0.007609999999999858,205.91128515112078
1.56942911,0.007619999999999858,205.96182545932143
1.57178402,0.007629999999999857,206.00052686763163
1.57422835,0.007639999999999857,206.05083115183632
1.57677012,0.007649999999999857,206.11374117647443
1.57902229,0.007659999999999856,206.13868015666182
1.5815643,0.007669999999999856,206.2013428943976
1.58438089,0.007679999999999855,206.29959505208723
1.5868451,0.007689999999999855,206.35176853056305
1.58917906,0.0076999999999998545,206.3868909090948
1.59161136,0.007709999999999854,206.43467704280545
1.59420915,0.007719999999999854,206.50377590673966
1.5965482,0.007729999999999853,206.53922380336743
1.59900852,0.007739999999999853,206.5902480620194
1.60142712,0.0077499999999998525,206.63575741935878
1.60385906,0.007759999999999852,206.68286855670496
1.60638883,0.007769999999999852,206.7424491634531
1.60887103,0.007779999999999851,206.79576221080086
1.61148957,0.007789999999999851,206.86644030809126
1.61391569,0.0077999999999998505,206.9122679487219
1.61646528,0.00780999999999985,206.97378745198858
1.6188964,0.00781999999999985,207.02000000000396
1.62146831,0.00782999999999985,207.08407535121728
1.62407295,0.007839999999999849,207.1521619897999
1.6264071,0.007849999999999848,207.1856178343989
1.62885228,0.007859999999999848,207.23311450382081
1.63122023,0.007869999999999848,207.27067725540428
1.63398386,0.007879999999999847,207.35835786802434
1.63691386,0.007889999999999847,207.46690240811554
1.63930086,0.007899999999999846,207.5064379746876
1.64188632,0.007909999999999846,207.57096333755146
1.64436361,0.007919999999999846,207.621667929297
1.64694534,0.007929999999999845,207.68541488020583
1.6497171,0.007939999999999845,207.77293450882019
1.6524441,0.007949999999999844,207.854603773589
1.65509891,0.007959999999999844,207.92699874372266
1.6575615,0.007969999999999844,207.9750941028899
1.65992708,0.007979999999999843,208.01091228070587
1.6623108,0.007989999999999843,208.04891113892774
1.6647455,0.007999999999999842,208.0931875000041
1.66706002,0.008009999999999842,208.1223495630503
1.6696085,0.008019999999999841,208.1806109725727
1.67206104,0.008029999999999841,208.22677957659192
1.6745454,0.00803999999999984,208.27679104478025
1.67701003,0.00804999999999984,208.32422732919667
1.67965489,0.00805999999999984,208.39390694789495
1.68223505,0.00806999999999984,208.45539653036352
1.68469485,0.008079999999999839,208.5018378712913
1.68721167,0.008089999999999839,208.55521260816238
1.68966109,0.008099999999999838,208.6001345679054
1.69223818,0.008109999999999838,208.66068803946163
1.69489352,0.008119999999999837,208.73072906404357
1.69716849,0.008129999999999837,208.75381180812226
1.69991255,0.008139999999999837,208.8344656019698
1.70248737,0.008149999999999836,208.89415582822505
1.70489202,0.008159999999999836,208.9328455882395
1.70752063,0.008169999999999835,208.99885312117925
1.7098542,0.008179999999999835,209.0286308068502
1.71209309,0.008189999999999835,209.04677533577956
1.71463096,0.008199999999999834,209.1013365853701
1.7173136,0.008209999999999834,209.1733982947667
1.7198407,0.008219999999999833,209.22636253041787
1.72271387,0.008229999999999833,209.3212478736373
1.72498351,0.008239999999999833,209.34265898058678
1.72753496,0.008249999999999832,209.39817696970124
1.73028674,0.008259999999999832,209.4778135593263
1.73274065,0.008269999999999831,209.52123941959314
1.7353399,0.008279999999999831,209.58211352657435
1.7375076,0.00828999999999983,209.59078407720574
1.74013541,0.00829999999999983,209.65486867470307
1.74287846,0.00830999999999983,209.73266666667098
1.74501099,0.00831999999999983,209.73689783654277
1.74773756,0.008329999999999829,209.81243217287346
1.75027403,0.008339999999999828,209.86499160671895
1.7529163,0.008349999999999828,209.93009580838756
1.7553801,0.008359999999999828,209.97369617225314
1.75808599,0.008369999999999827,210.04611589008798
1.76062718,0.008379999999999827,210.09870883055325
1.76322245,0.008389999999999826,210.15762216925344
1.76564109,0.008399999999999826,210.1953678571472
1.76813478,0.008409999999999826,210.24194768133611
1.77054825,0.008419999999999825,210.27888954869795
1.7731239,0.008429999999999825,210.33498220641007
1.77548728,0.008439999999999824,210.36579146919868
1.7782132,0.008449999999999824,210.4394319526671
1.78157031,0.008459999999999824,210.58750709220297
1.78365605,0.008469999999999823,210.58512987013427
1.78629897,0.008479999999999823,210.64846344340063
1.78842606,0.008489999999999822,210.65089045936836
1.7910804,0.008499999999999822,210.715341176475
1.793869,0.008509999999999822,210.79541715629114
1.79616873,0.008519999999999821,210.81792605634246
1.79903619,0.00852999999999982,210.90693903869143
1.80158781,0.00853999999999982,210.95875995316604
1.80417754,0.00854999999999982,211.01491695906876
1.8067431,0.00855999999999982,211.06811915888295
1.80957821,0.008569999999999819,211.1526499416614
1.81212009,0.008579999999999819,211.20280769231218
1.81482234,0.008589999999999818,211.27151804424196
1.81759856,0.008599999999999818,211.34866976744632
1.81999977,0.008609999999999817,211.3820871080184
1.82267094,0.008619999999999817,211.44674477958685
1.82511825,0.008629999999999817,211.48531286211343
1.82763989,0.008639999999999816,211.53239467593042
1.83011114,0.008649999999999816,211.5735421965363
1.83256953,0.008659999999999815,211.61310969977356
1.83551744,0.008669999999999815,211.70904728950856
1.83776601,0.008679999999999815,211.72419470046535
1.83936774,0.008689999999999814,211.66487226697805
1.84240636,0.008699999999999814,211.77084597701602
1.84461187,0.008709999999999813,211.7809265212445
1.84695057,0.008719999999999813,211.80625802752746
1.84955614,0.008729999999999813,211.8621008018373
1.85223613,0.008739999999999812,211.92633066362012
1.85469751,0.008749999999999812,211.96542971429028
1.8573197,0.008759999999999811,212.0227968036575
1.8598158,0.008769999999999811,212.0656556442463
1.86240033,0.00877999999999981,212.11848861048296
1.86482744,0.00878999999999981,212.15329237770652
1.86831738,0.00879999999999981,212.30879318182275
1.87059535,0.00880999999999981,212.32637343927817
1.8732349,0.008819999999999809,212.38490929705674
1.8755654,0.008829999999999808,212.40831257078602
1.87824681,0.008839999999999808,212.47135859728968
1.88098839,0.008849999999999808,212.54106101695376
1.88332839,0.008859999999999807,212.56528103837934
1.88579787,0.008869999999999807,212.60404396843754
1.88919753,0.008879999999999806,212.7474695945992
1.89170609,0.008889999999999806,212.79033633296302
1.89459982,0.008899999999999806,212.87638426966757
1.89719101,0.008909999999999805,212.92828395062193
1.8983188,0.008919999999999805,212.8160089686145
1.90100842,0.008929999999999804,212.87888241881765
1.90374223,0.008939999999999804,212.94655816555277
1.90631421,0.008949999999999804,212.9960011173231
1.90882234,0.008959999999999803,213.03820758929038
1.91187112,0.008969999999999803,213.14059308807603
1.91444697,0.008979999999999802,213.19008574610714
1.91696434,0.008989999999999802,213.23296329255197
1.91936941,0.008999999999999802,213.2632677777825
1.92249728,0.009009999999999801,213.373726970038
1.92576648,0.0090199999999998,213.49960975610227
1.92640347,0.0090299999999998,213.33371760797812
1.92827991,0.0090399999999998,213.3052997787658
1.93082642,0.0090499999999998,213.35098563536386
1.93331267,0.009059999999999799,213.3899194260533
1.9356265,0.009069999999999799,213.4097574421216
1.93825731,0.009079999999999798,213.46446145374924
1.94069195,0.009089999999999798,213.4974642464294
1.94325658,0.009099999999999797,213.54467912088387
1.94584715,0.009109999999999797,213.5946377607073
1.94826301,0.009119999999999797,213.6253300438644
1.9507187,0.009129999999999796,213.6603176341778
1.95315403,0.009139999999999796,213.6930010940967
1.95685947,0.009149999999999795,213.86442295082443
1.95891312,0.009159999999999795,213.8551441048083
1.95899817,0.009169999999999795,213.63120719738757
1.96174863,0.009179999999999794,213.69810784314205
1.9638983,0.009189999999999794,213.69948857454236
1.96660533,0.009199999999999793,213.76144891304827
1.96883073,0.009209999999999793,213.77098045603088
1.97154057,0.009219999999999793,213.83303362256444
1.97403215,0.009229999999999792,213.87130552546526
1.97640864,0.009239999999999792,213.8970389610438
1.97888864,0.009249999999999791,213.93390702703186
1.98164275,0.009259999999999791,214.00029697624674
1.98457326,0.00926999999999979,214.0855728155388
1.98667754,0.00927999999999979,214.0816314655221
1.98937798,0.00928999999999979,214.14187082885306
1.99219806,0.00929999999999979,214.2148451612952
1.99461916,0.009309999999999789,214.24480773362464
1.99743241,0.009319999999999789,214.31678218884608
2.00011723,0.009329999999999788,214.37483708467795
2.00261837,0.009339999999999788,214.41310171306696
2.00514359,0.009349999999999787,214.453859893053
2.00823252,0.009359999999999787,214.5547564102613
2.01071688,0.009369999999999786,214.590915688372
2.01384008,0.009379999999999786,214.69510447761684
2.01527898,0.009389999999999786,214.6196996805161
2.01791509,0.009399999999999785,214.67181808511125
2.02039953,0.009409999999999785,214.7077077577095
2.02284656,0.009419999999999784,214.73954989384782
2.02550014,0.009429999999999784,214.79322799576315
2.02810043,0.009439999999999784,214.84114724576762
2.03058886,0.009449999999999783,214.87712804233297
2.03303737,0.009459999999999783,214.90881289641086
2.03548753,0.009469999999999782,214.94060506864275
2.03805115,0.009479999999999782,214.98429852321166
2.04016728,0.009489999999999782,214.98074604847702
2.04297062,0.009499999999999781,215.0495389473734
2.04853563,0.00950999999999978,215.40858359621947
2.05204276,0.00951999999999978,215.55071008403857
2.05427032,0.00952999999999978,215.55827072403437
2.05789792,0.00953999999999978,215.71257023061293
2.06056441,0.00954999999999978,215.76590680628772
2.06306819,0.009559999999999779,215.8021119246912
2.06592681,0.009569999999999778,215.87531974922132
2.06804401,0.009579999999999778,215.87098225470228
2.06970803,0.009589999999999778,215.81939833160044
2.07179263,0.009599999999999777,215.8117322916717
2.07443945,0.009609999999999777,215.86258584807993
2.07706724,0.009619999999999776,215.9113555093605
2.07992588,0.009629999999999776,215.9839958463186
2.06005383,0.009639999999999775,213.69853008299256
2.06085236,0.009649999999999775,213.55983005181847
2.06085919,0.009659999999999775,213.33946066253085
2.06320546,0.009669999999999774,213.36147466391395
2.06518223,0.009679999999999774,213.34527169421986
2.06623193,0.009689999999999773,213.2334293085705
2.06773301,0.009699999999999773,213.16835154639674
2.06969273,0.009709999999999773,213.1506416065961
2.07177741,0.009719999999999772,213.1458240740791
2.07398561,0.009729999999999772,213.15371120247158
2.07637634,0.009739999999999771,213.18032238193518
2.0787269,0.009749999999999771,213.20275897436397
2.08090708,0.00975999999999977,213.20769262295582
2.08330702,0.00976999999999977,213.23510951894053
2.0857773,0.00977999999999977,213.26966257669216
2.08787735,0.00978999999999977,213.26632788560255
2.08958096,0.009799999999999769,213.22254693878054
2.0919155,0.009809999999999769,213.24317023445965
2.09448831,0.009819999999999768,213.28801527495412
2.09691329,0.009829999999999768,213.31773041709556
2.0993012,0.009839999999999767,213.34361788618392
2.10174204,0.009849999999999767,213.37482639594413
2.10339603,0.009859999999999767,213.3261693712018
2.10547649,0.009869999999999766,213.32081965552683
2.10776015,0.009879999999999766,213.33604757085524
2.11008805,0.009889999999999765,213.35571789687057
2.11219269,0.009899999999999765,213.35279696970204
2.11476994,0.009909999999999764,213.39757214934917
2.11728033,0.009919999999999764,213.43551713710184
2.11948886,0.009929999999999764,213.4429869083636
2.12198918,0.009939999999999763,213.47979678068918
2.12452878,0.009949999999999763,213.52048040201512
2.12699645,0.009959999999999762,213.55386044177217
2.12947051,0.009969999999999762,213.58781444333508
2.13194954,0.009979999999999762,213.6221983967987
2.13457627,0.009989999999999761,213.6712982983034
2.13682631,0.00999999999999976,213.6826310000051
2.13917236,0.01000999999999976,213.70353246753757
27.3750267,1e-05,2737502.67
0.0374019677,1e-05,3740.1967699999996
0.0748563028,2e-05,3742.8151399999997
0.112320875,3.0000000000000004e-05,3744.0291666666662
0.149774711,4e-05,3744.3677749999997
0.187229251,5e-05,3744.58502
0.224692528,6e-05,3744.8754666666664
0.262149497,7.000000000000001e-05,3744.992814285714
0.299611957,8e-05,3745.1494624999996
0.337060902,9e-05,3745.121133333333
0.374513135,0.0001,3745.1313499999997
0.411973839,0.00011,3745.216718181818
0.449431253,0.00012,3745.2604416666663
0.486891043,0.00013000000000000002,3745.315715384615
0.524355207,0.00014000000000000001,3745.3943357142857
0.561817478,0.00015000000000000001,3745.449853333333
0.599271223,0.00016,3745.4451437499997
0.636734796,0.00017,3745.4988
0.674187259,0.00018,3745.484772222222
0.711649306,0.00019,3745.5226631578944
0.749110731,0.0002,3745.553655
0.786574776,0.00021,3745.5941714285714
0.824042949,0.00022,3745.6497681818178
0.861503563,0.00023,3745.667665217391
0.898967288,0.00024,3745.6970333333334
0.936437784,0.00025,3745.751136
0.973904853,0.00026000000000000003,3745.7878961538454
1.01137787,0.00027000000000000006,3745.843962962962
1.04883929,0.0002800000000000001,3745.8546071428564
1.08630624,0.0002900000000000001,3745.8835862068954
1.12378171,0.00030000000000000014,3745.9390333333317
1.16125047,0.00031000000000000016,3745.9692580645137
1.19872674,0.0003200000000000002,3746.0210624999977
1.23619954,0.0003300000000000002,3746.05921212121
1.27368561,0.00034000000000000024,3746.134147058821
1.31116039,0.00035000000000000027,3746.17254285714
1.34863454,0.0003600000000000003,3746.2070555555524
1.38611243,0.0003700000000000003,3746.249810810808
1.42359167,0.00038000000000000035,3746.293868421049
1.46107628,0.00039000000000000037,3746.349435897432
1.4985616,0.0004000000000000004,3746.403999999996
1.53604957,0.0004100000000000004,3746.462365853655
1.57354227,0.00042000000000000045,3746.52921428571
1.61102442,0.0004300000000000005,3746.568418604647
1.64853082,0.0004400000000000005,3746.6609545454503
1.6860156,0.00045000000000000053,3746.701333333329
1.72350582,0.00046000000000000056,3746.751782608691
1.76099198,0.0004700000000000006,3746.791446808506
1.79850239,0.0004800000000000006,3746.8799791666615
1.83600418,0.0004900000000000006,3746.947306122444
1.87350127,0.0005000000000000007,3747.002539999995
1.91101414,0.0005100000000000007,3747.086549019603
1.94852223,0.0005200000000000007,3747.1581346153794
1.98602576,0.0005300000000000007,3747.2184150943344
2.02354478,0.0005400000000000008,3747.3051481481425
2.06106614,0.0005500000000000008,3747.3929818181764
2.09857162,0.0005600000000000008,3747.449321428566
2.13608602,0.0005700000000000008,3747.5193333333277
2.1736132,0.0005800000000000009,3747.608965517236
2.21113872,0.0005900000000000009,3747.692745762706
2.24866358,0.0006000000000000009,3747.7726333333276
2.28619276,0.000610000000000001,3747.8569836065517
2.3237379,0.000620000000000001,3747.9643548387035
2.36126547,0.000630000000000001,3748.040428571423
2.39880897,0.000640000000000001,3748.139015624994
2.43635133,0.0006500000000000011,3748.2328153846092
2.47391302,0.0006600000000000011,3748.3530606060544
2.51145665,0.0006700000000000011,3748.4427611940237
2.54900733,0.0006800000000000011,3748.540191176464
2.58656393,0.0006900000000000012,3748.643376811588
2.62412444,0.0007000000000000012,3748.749199999994
2.66168212,0.0007100000000000012,3748.8480563380217
2.69925105,0.0007200000000000012,3748.9597916666603
2.73682372,0.0007300000000000013,3749.0735890410892
2.77440532,0.0007400000000000013,3749.1963783783717
2.81196738,0.0007500000000000013,3749.2898399999935
2.84954983,0.0007600000000000013,3749.4076710526247
2.88714668,0.0007700000000000014,3749.541142857136
2.92473564,0.0007800000000000014,3749.6610769230706
2.96233574,0.0007900000000000014,3749.79207594936
2.99994345,0.0008000000000000014,3749.929312499993
3.03755562,0.0008100000000000015,3750.0686666666597
3.07515913,0.0008200000000000015,3750.1940609756025
3.11277548,0.0008300000000000015,3750.3319036144508
3.15039589,0.0008400000000000016,3750.471297619041
3.18801442,0.0008500000000000016,3750.605199999993
3.22564273,0.0008600000000000016,3750.7473604651095
3.26327387,0.0008700000000000016,3750.889505747119
3.30091777,0.0008800000000000017,3751.042920454538
3.33856346,0.0008900000000000017,3751.1948988763975
3.37622383,0.0009000000000000017,3751.3598111111037
3.41389043,0.0009100000000000017,3751.527945054938
3.45155519,0.0009200000000000018,3751.6904239130363
3.48922355,0.0009300000000000018,3751.853279569885
3.5268978,0.0009400000000000018,3752.0189361702055
3.56458299,0.0009500000000000018,3752.1926210526244
3.60226966,0.0009600000000000019,3752.3642291666597
3.63995649,0.0009700000000000019,3752.5324639175183
3.67766488,0.000980000000000002,3752.719265306115
3.71536553,0.000990000000000002,3752.8944747474675
3.75307914,0.001000000000000002,3753.0791399999925
3.79078755,0.001010000000000002,3753.254999999993
3.82852006,0.001020000000000002,3753.4510392156785
3.86625293,0.001030000000000002,3753.6436213592156
3.90400259,0.001040000000000002,3753.8486442307617
3.94175685,0.001050000000000002,3754.0541428571355
3.97952699,0.0010600000000000021,3754.2707452830114
4.01729187,0.0010700000000000022,3754.4783831775626
4.05507166,0.0010800000000000022,3754.695981481474
4.09285239,0.0010900000000000022,3754.9104495412766
4.13063369,0.0011000000000000022,3755.1215363636284
4.16842043,0.0011100000000000023,3755.3337207207132
4.20621579,0.0011200000000000023,3755.549812499992
4.24402634,0.0011300000000000023,3755.775522123886
4.28184373,0.0011400000000000023,3756.003271929817
4.31968251,0.0011500000000000024,3756.2456608695575
4.35752833,0.0011600000000000024,3756.4899396551646
4.39540007,0.0011700000000000024,3756.752196581189
4.43326683,0.0011800000000000024,3757.0057881355856
4.47113515,0.0011900000000000025,3757.256428571421
4.50901737,0.0012000000000000025,3757.5144749999918
4.54691823,0.0012100000000000025,3757.783661157017
4.58443379,0.0012200000000000025,3757.7326147540907
4.62230909,0.0012300000000000026,3757.974869918691
4.66019062,0.0012400000000000026,3758.218241935476
4.69808024,0.0012500000000000026,3758.464191999992
4.73606449,0.0012600000000000027,3758.781341269834
4.77392584,0.0012700000000000027,3758.9967244094414
4.81188531,0.0012800000000000027,3759.285398437492
4.8498531,0.0012900000000000027,3759.57604651162
4.88796335,0.0013000000000000028,3759.9718076922995
4.92597273,0.0013100000000000028,3760.284526717549
4.96404466,0.0013200000000000028,3760.6398939393857
5.00202813,0.0013300000000000028,3760.9234060150297
5.03993348,0.0013400000000000029,3761.1443880596935
5.07800791,0.0013500000000000029,3761.4873407407326
5.11602217,0.001360000000000003,3761.781007352933
5.1540867,0.001370000000000003,3762.1070802919626
5.19232011,0.001380000000000003,3762.550804347818
5.23028958,0.001390000000000003,3762.798258992798
5.26834524,0.001400000000000003,3763.103742857135
5.30653909,0.001410000000000003,3763.502900709212
5.34469152,0.001420000000000003,3763.8672676056253
5.382861,0.001430000000000003,3764.2384615384535
5.42102533,0.0014400000000000031,3764.600923611103
5.45916757,0.0014500000000000032,3764.9431517241296
5.49738488,0.0014600000000000032,3765.3321095890333
5.53555718,0.0014700000000000032,3765.6851564625767
5.5738015,0.0014800000000000032,3766.0820945945866
5.61200091,0.0014900000000000033,3766.443563758381
5.65027152,0.0015000000000000033,3766.847679999992
5.688527,0.0015100000000000033,3767.236423841051
5.72682772,0.0015200000000000033,3767.6498157894657
5.76515042,0.0015300000000000034,3768.0721699346323
5.80346208,0.0015400000000000034,3768.481870129862
5.8417669,0.0015500000000000034,3768.8818709677334
5.8801673,0.0015600000000000034,3769.3380128205044
5.91849509,0.0015700000000000035,3769.742095541393
5.95690553,0.0015800000000000035,3770.1933734177132
5.99524979,0.0015900000000000035,3770.5973522012496
6.03362534,0.0016000000000000035,3771.015837499992
6.07208566,0.0016100000000000036,3771.481776397507
6.11051774,0.0016200000000000036,3771.924530864189
6.14902931,0.0016300000000000036,3772.4106196318935
6.18747666,0.0016400000000000037,3772.8516219512107
6.22603879,0.0016500000000000037,3773.356842424234
6.2645109,0.0016600000000000037,3773.8017469879437
6.30308683,0.0016700000000000037,3774.3034910179554
6.34167817,0.0016800000000000038,3774.8084345238008
6.38023595,0.0016900000000000038,3775.2875443786897
6.41884643,0.0017000000000000038,3775.7920176470507
6.45748734,0.0017100000000000038,3776.3083859649037
6.4960617,0.0017200000000000039,3776.780058139527
6.53475619,0.0017300000000000039,3777.3157167629975
6.57340361,0.001740000000000004,3777.818166666658
6.61209087,0.001750000000000004,3778.3376399999916
6.65083558,0.001760000000000004,3778.8838522727187
6.68956755,0.001770000000000004,3779.4166949152454
6.72841832,0.001780000000000004,3780.010292134823
6.76721116,0.001790000000000004,3780.5648938547397
6.80605894,0.001800000000000004,3781.143855555547
6.84487627,0.001810000000000004,3781.6995966850745
6.88380262,0.0018200000000000041,3782.309131868123
6.92265305,0.0018300000000000041,3782.8705191256745
6.96157349,0.0018400000000000042,3783.463853260861
7.00044515,0.0018500000000000042,3784.024405405397
7.03939022,0.0018600000000000042,3784.6183978494537
7.07830774,0.0018700000000000043,3785.1913048128254
7.11735538,0.0018800000000000043,3785.8273297872256
7.15637511,0.0018900000000000043,3786.4418571428487
7.19542018,0.0019000000000000043,3787.0632526315703
7.23456748,0.0019100000000000044,3787.731664921457
7.27363351,0.0019200000000000044,3788.3507864583244
7.31280281,0.0019300000000000044,3789.016999999991
7.3520102,0.0019400000000000044,3789.6959793814344
7.39118558,0.0019500000000000045,3790.351579487171
7.43038728,0.0019600000000000043,3791.0139183673386
7.46965237,0.0019700000000000043,3791.7017106598905
7.50886888,0.0019800000000000043,3792.3580202020116
7.54816134,0.0019900000000000044,3793.0458994974792
7.58745485,0.0020000000000000044,3793.727424999992
7.62676413,0.0020100000000000044,3794.4100149253645
7.66608545,0.0020200000000000044,3795.0918069306845
7.70546233,0.0020300000000000045,3795.7942512315185
7.74496672,0.0020400000000000045,3796.552313725482
7.78446992,0.0020500000000000045,3797.302399999992
7.82402541,0.0020600000000000045,3798.0705873786324
7.86357444,0.0020700000000000046,3798.8282318840497
7.90317103,0.0020800000000000046,3799.601456730761
7.94276189,0.0020900000000000046,3800.364540669848
7.98231252,0.0021000000000000046,3801.1011999999914
8.02194502,0.0021100000000000047,3801.8696777251103
8.06155118,0.0021200000000000047,3802.6184811320672
8.10115691,0.0021300000000000047,3803.3600516431843
8.14090319,0.0021400000000000047,3804.16036915887
8.18066077,0.0021500000000000048,3804.95849767441
8.22052675,0.002160000000000005,3805.7994212962876
8.26036385,0.002170000000000005,3806.619285714277
8.30026221,0.002180000000000005,3807.4597293577895
8.34023061,0.002190000000000005,3808.3244794520465
8.38015996,0.002200000000000005,3809.16361818181
8.42015675,0.002210000000000005,3810.025678733023
8.4601522,0.002220000000000005,3810.8793693693606
8.50014591,0.002230000000000005,3811.7246233183773
8.54023408,0.002240000000000005,3812.6044999999913
8.58028874,0.002250000000000005,3813.461662222214
8.62043558,0.002260000000000005,3814.352026548664
8.66053994,0.002270000000000005,3815.2158325991104
8.70072955,0.002280000000000005,3816.1094517543775
8.74091467,0.002290000000000005,3816.9933056768477
8.78119662,0.002300000000000005,3817.9115739130348
8.82158744,0.002310000000000005,3818.869021645013
8.86201596,0.0023200000000000052,3819.834465517233
8.90242589,0.0023300000000000052,3820.7836437768156
8.94292553,0.0023400000000000053,3821.7630470085383
8.98341457,0.0023500000000000053,3822.7296042553107
9.0239211,0.0023600000000000053,3823.695381355924
9.06438008,0.0023700000000000053,3824.6329451476704
9.10489963,0.0023800000000000054,3825.5880798319245
9.14542421,0.0023900000000000054,3826.537326359824
9.18607608,0.0024000000000000054,3827.531699999991
9.2267209,0.0024100000000000055,3828.5148962655517
9.26751304,0.0024200000000000055,3829.550842975198
9.30827812,0.0024300000000000055,3830.567127572008
9.34914824,0.0024400000000000055,3831.618131147532
9.39009531,0.0024500000000000056,3832.691963265297
9.43099573,0.0024600000000000056,3833.7381016260074
9.47202648,0.0024700000000000056,3834.8285344129467
9.51294494,0.0024800000000000056,3835.8648951612818
9.55396857,0.0024900000000000057,3836.93516867469
9.59497662,0.0025000000000000057,3837.9906479999913
9.63608789,0.0025100000000000057,3839.0788406374418
9.67716664,0.0025200000000000057,3840.1454920634833
9.71828914,0.0025300000000000058,3841.2210039525603
9.75956384,0.002540000000000006,3842.3479685039283
9.80080325,0.002550000000000006,3843.4522549019516
9.84211252,0.002560000000000006,3844.5752031249913
9.88355491,0.002570000000000006,3845.741210116723
9.924979,0.002580000000000006,3846.8910852713093
9.96648975,0.002590000000000006,3848.0655405405314
10.00798,0.002600000000000006,3849.223076923068
10.0495217,0.002610000000000006,3850.3914559386885
10.0911319,0.002620000000000006,3851.5770610686936
10.1326893,0.002630000000000006,3852.7335741444776
10.1743258,0.002640000000000006,3853.911287878779
10.2160422,0.002650000000000006,3855.1102641509347
10.2577503,0.002660000000000006,3856.2971052631488
10.2996298,0.002670000000000006,3857.5392509363205
10.3415171,0.002680000000000006,3858.775037313424
10.3835147,0.002690000000000006,3860.042639405195
10.4254789,0.002700000000000006,3861.2884814814724
10.4674939,0.0027100000000000062,3862.543874538736
10.5095612,0.0027200000000000063,3863.8092647058734
10.5516289,0.0027300000000000063,3865.0655311355226
10.5937807,0.0027400000000000063,3866.3433211678744
10.63585,0.0027500000000000063,3867.581818181809
10.6780519,0.0027600000000000064,3868.859384057962
10.7203699,0.0027700000000000064,3870.169638989161
10.7627356,0.0027800000000000064,3871.4876258992713
10.8051821,0.0027900000000000065,3872.8251254480197
10.847703,0.0028000000000000065,3874.179642857134
10.8902329,0.0028100000000000065,3875.5277224199203
10.9327672,0.0028200000000000065,3876.867801418431
10.9753916,0.0028300000000000066,3878.2302473498144
11.0179966,0.0028400000000000066,3879.5762676056247
11.0607174,0.0028500000000000066,3880.9534736842015
11.1033977,0.0028600000000000066,3882.3068881118793
11.1461576,0.0028700000000000067,3883.6786062717683
11.18904,0.0028800000000000067,3885.0833333333244
11.2319234,0.0028900000000000067,3886.478685121098
11.2749138,0.0029000000000000067,3887.9013103448187
11.3178427,0.0029100000000000068,3889.2930240549736
11.3610098,0.002920000000000007,3890.7567808219087
11.4040947,0.002930000000000007,3892.1824914675676
11.4473774,0.002940000000000007,3893.6657823129162
11.4906489,0.002950000000000007,3895.135220338974
11.5339381,0.002960000000000007,3896.6007094594506
11.5773377,0.002970000000000007,3898.0935016834924
11.6207117,0.002980000000000007,3899.567684563749
11.6641541,0.002990000000000007,3901.0548829431345
11.7075407,0.003000000000000007,3902.5135666666574
11.7511048,0.003010000000000007,3904.0215282391937
11.7946491,0.003020000000000007,3905.5129470198585
11.8383167,0.003030000000000007,3907.035214521443
11.8819813,0.003040000000000007,3908.5464802631486
11.9258051,0.003050000000000007,3910.100032786876
11.9698052,0.003060000000000007,3911.701045751625
12.0138464,0.003070000000000007,3913.3050162866357
12.0581114,0.003080000000000007,3914.9712337662245
12.1021386,0.0030900000000000072,3916.549708737855
12.1461338,0.0031000000000000073,3918.1076774193457
12.1902061,0.0031100000000000073,3919.6804180064214
12.2344487,0.0031200000000000073,3921.297660256401
12.2788744,0.0031300000000000073,3922.963067092642
12.3232221,0.0031400000000000074,3924.593025477698
12.3677948,0.0031500000000000074,3926.2840634920544
12.412369,0.0031600000000000074,3927.964873417712
12.4567708,0.0031700000000000074,3929.5806940063
12.5012511,0.0031800000000000075,3931.2110377358395
12.5456934,0.0031900000000000075,3932.8192476488935
12.5904259,0.0032000000000000075,3934.5080937499906
12.6351637,0.0032100000000000076,3936.188068535816
12.6802485,0.0032200000000000076,3937.965372670798
12.725149,0.0032300000000000076,3939.6746130030865
12.7701901,0.0032400000000000076,3941.416697530855
12.8150389,0.0032500000000000077,3943.0888923076827
12.8597593,0.0032600000000000077,3944.7114417177822
12.9050269,0.0032700000000000077,3946.491406727819
12.9500712,0.0032800000000000077,3948.1924390243807
12.9956326,0.0032900000000000078,3950.0403039513585
13.0410611,0.003300000000000008,3951.8366969696876
13.0864872,0.003310000000000008,3953.621510574009
13.1318482,0.003320000000000008,3955.3759638554125
13.1772373,0.003330000000000008,3957.128318318309
13.2225973,0.003340000000000008,3958.861467065859
13.2683251,0.003350000000000008,3960.694059701483
13.3140998,0.003360000000000008,3962.5297023809426
13.3599579,0.003370000000000008,3964.379198813047
13.4059308,0.003380000000000008,3966.251715976322
13.451707,0.003390000000000008,3968.055162241879
13.4976671,0.003400000000000008,3969.9020882352843
13.543699,0.003410000000000008,3971.7592375366476
13.5895312,0.003420000000000008,3973.5471345029146
13.6357261,0.003430000000000008,3975.4303498542176
13.682259,0.003440000000000008,3977.4008720930137
13.7287227,0.003450000000000008,3979.339913043469
13.7750775,0.003460000000000008,3981.2362716762914
13.8214231,0.0034700000000000082,3983.119048991345
13.8678712,0.0034800000000000083,3985.0204597701054
13.9143051,0.0034900000000000083,3986.9069054441165
13.9610097,0.0035000000000000083,3988.8599142857047
14.0076587,0.0035100000000000083,3990.785954415945
14.0545271,0.0035200000000000084,3992.7633806818085
14.1015077,0.0035300000000000084,3994.761388101974
14.1484776,0.0035400000000000084,3996.745084745753
14.195512,0.0035500000000000084,3998.735774647878
14.2424395,0.0035600000000000085,4000.6852528089794
14.2893445,0.0035700000000000085,4002.6175070027916
14.336607,0.0035800000000000085,4004.6388268156334
14.3838986,0.0035900000000000085,4006.6569916434446
14.4314415,0.0036000000000000086,4008.7337499999903
14.4789327,0.0036100000000000086,4010.7846814404334
14.5265443,0.0036200000000000086,4012.8575414364545
14.5739446,0.0036300000000000087,4014.8607713498527
14.6214995,0.0036400000000000087,4016.8954670329576
14.6690536,0.0036500000000000087,4018.918794520538
14.7169733,0.0036600000000000087,4021.030956284143
14.7648271,0.0036700000000000088,4023.1136512261482
14.8127927,0.003680000000000009,4025.215407608686
14.8608188,0.003690000000000009,4027.3221680216707
14.9088294,0.003700000000000009,4029.4133513513416
14.9570779,0.003710000000000009,4031.5573854447343
15.0052657,0.003720000000000009,4033.673575268808
